EX3_1,EX3 1.wmv,3
0.5548919,5,False
2.0884744,8,False
10.4554241,4,False
